original_genome_id	old_speceis_names	speceis_names_fig2
saprochaete_clavata	Saprochaete_clavata	Saprochaete_clavata
yHMPu5000034974_deakozyma_indianensis_160519	yHMPu5000034974_Deakozyma_indianensis	Deakozyma_indianensis
clavispora_lusitaniae	Clavispora_lusitaniae	Clavispora_lusitaniae
yHMPu5000034999_cephaloascus_fragrans_160519	yHMPu5000034999_Cephaloascus_fragrans	Cephaloascus_fragrans
yHMPu5000034998_cephaloascus_albidus_160519	yHMPu5000034998_Cephaloascus_albidus	Cephaloascus_albidus
babjeviella_inositovora	Babjeviella_inositovora	Babjeviella_inositovora
candida_dubliniensis	Candida_dubliniensis	Candida_dubliniensis
candida_albicans	Candida_albicans	Candida_albicans
candida_parapsilosis	Candida_parapsilosis	Candida_parapsilosis
candida_homilentoma	Candida_homilentoma	Hyphopichia_homilentoma
candida_tropicalis	Candida_tropicalis	Candida_tropicalis
candida_orthopsilosis	Candida_orthopsilosis	Candida_orthopsilosis
candida_carpophila	Candida_carpophila	Candida_carpophila
candida_tanzawaensis	Candida_tanzawaensis	Suhomyces_tanzawaensis
candida_tenuis	Candida_tenuis	Yamadazyma_tenuis
yHMPu5000034632_candida_athensensis_160519	yHMPu5000034632_Candida_athensensis	Candida_athensensis
yHMPu5000035679_candida_rhagii_160613	yHMPu5000035679_Candida_rhagii	Candida_rhagii
yHMPu5000035681_candida_gotoi_160519	yHMPu5000035681_Candida_gotoi	Candida_gotoi
yHMPu5000034643_candida_schatavii_160519	yHMPu5000034643_Candida_schatavii	Candida_schatavii
yHMPu5000035031_candida_kruisii_160519	yHMPu5000035031_Candida_kruisii	Teunomyces_kruisii
yHMPu5000035302_candida_fragi_160928	yHMPu5000035302_Candida_fragi	Candida_fragi
debaryomyces_hansenii	Debaryomyces_hansenii	Debaryomyces_hansenii
yHMPu5000041713_debaryomyces_maramus_160928	yHMPu5000041713_Debaryomyces_maramus	Debaryomyces_maramus
yHMPu5000041693_debaryomyces_nepalensis_160928	yHMPu5000041693_Debaryomyces_nepalensis	Debaryomyces_nepalensis
yHMPu5000041829_debaryomyces_fabryi_160928	yHMPu5000041829_Debaryomyces_fabryi	Debaryomyces_fabryi
hyphopichia_burtonii	Hyphopichia_burtonii	Hyphopichia_burtonii
yHMPu5000035318_hyphopichia_heimii_160928	yHMPu5000035318_Hyphopichia_heimii	Hyphopichia_heimii
yHMPu5000035667_kurtzmaniella_cleridarum_160928	yHMPu5000035667_Kurtzmaniella_cleridarum	Kurtzmaniella_cleridarum
lodderomyces_elongisporus	Lodderomyces_elongisporus	Lodderomyces_elongisporus
meyerozyma_guilliermondii	Meyerozyma_guilliermondii	Meyerozyma_guilliermondii
yHMPu5000035665_middelhovenomyces_tepae_160613	yHMPu5000035665_Middelhovenomyces_tepae	Middelhovenomyces_tepae
millerozyma_acaciae	Millerozyma_acaciae	Millerozyma_acaciae
yHMPu5000034883_peterozyma_xylosa_160519	yHMPu5000034883_Peterozyma_xylosa	Peterozyma_xylosa
yHMPu5000034884_peterozyma_toletana_160519	yHMPu5000034884_Peterozyma_toletana	Peterozyma_toletana
priceomyces_haplophilus	Priceomyces_haplophilus	Priceomyces_haplophilus
yHMPu5000034606_priceomyces_medius_160519	yHMPu5000034606_Priceomyces_medius	Priceomyces_medius
yHMPu5000035296_priceomyces_carsonii_160928	yHMPu5000035296_Priceomyces_carsonii	Priceomyces_carsonii
scheffersomyces_lignosus	Scheffersomyces_lignosus	Scheffersomyces_lignosus
scheffersomyces_stipitis	Scheffersomyces_stipitis	Scheffersomyces_stipitis
spathaspora_passalidarum	Spathaspora_passalidarum	Spathaspora_passalidarum
spathaspora_arborariae	Spathaspora_arborariae	Spathaspora_arborariae
wickerhamia_fluorescens	Wickerhamia_fluorescens	Wickerhamia_fluorescens
yHMPu5000035641_yamadazyma_scolyti_160613	yHMPu5000035641_Yamadazyma_scolyti	Yamadazyma_scolyti
yHMPu5000035640_yamadazyma_philogaea_160519	yHMPu5000035640_Yamadazyma_philogaea	Yamadazyma_philogaea
yHMPu5000035252_yamadazyma_nakazawae_160928	yHMPu5000035252_Yamadazyma_nakazawae	Yamadazyma_nakazawae
yHMPu5000034654_aciculoconidium_aculeatum_160519	yHMPu5000034654_Aciculoconidium_aculeatum	Aciculoconidium_aculeatum
candida_intermedia	Candida_intermedia	Candida_intermedia
yHMPu5000034986_candida_oregonensis_160519	yHMPu5000034986_Candida_oregonensis	Candida_oregonensis
yHMPu5000034648_candida_restingae_160519	yHMPu5000034648_Candida_restingae	Candida_restingae
candida_auris	Candida_auris	Candida_auris
yHMPu5000034988_candida_fructus_160519	yHMPu5000034988_Candida_fructus	Candida_fructus
yHMPu5000034973_danielozyma_ontarioensis_160519	yHMPu5000034973_Danielozyma_ontarioensis	Danielozyma_ontarioensis
yHMPu5000034665_kodamaea_laetipori_160519	yHMPu5000034665_Kodamaea_laetipori	Kodamaea_laetipori
yHMPu5000035677_kodamaea_ohmeri_160519	yHMPu5000035677_Kodamaea_ohmeri	Kodamaea_ohmeri
metschnikowia_bicuspidata	Metschnikowia_bicuspidata	Metschnikowia_bicuspidata_var._bicuspidata
metschnikowia_hibisci	Metschnikowia_hibisci	Metschnikowia_hibisci
metschnikowia_aberdeeniae	Metschnikowia_aberdeeniae	Metschnikowia_aberdeeniae
metschnikowia_kipukae	Metschnikowia_kipukae	Metschnikowia_kipukae
metschnikowia_shivogae	Metschnikowia_shivogae	Metschnikowia_shivogae
metschnikowia_dekortum	Metschnikowia_dekortum	Metschnikowia_dekortorum
metschnikowia_drakensbergensis	Metschnikowia_drakensbergensis	Metschnikowia_drakensbergensis
metschnikowia_kamakouana	Metschnikowia_kamakouana	Metschnikowia_kamakouana
metschnikowia_proteae	Metschnikowia_proteae	Metschnikowia_proteae
metschnikowia_mauinuiana	Metschnikowia_mauinuiana	Metschnikowia_mauinuiana
metschnikowia_matae_maris	Metschnikowia_matae_maris	Metschnikowia_matae_var._maris
metschnikowia_bowlesiae	Metschnikowia_bowlesiae	Metschnikowia_bowlesiae
metschnikowia_similis	Metschnikowia_similis	Metschnikowia_similis
metschnikowia_hawaiiensis	Metschnikowia_hawaiiensis	Metschnikowia_hawaiiensis
candida_sojae	Candida_sojae	Candida_sojae
spathaspora_girioi	Spathaspora_girioi	Spathaspora_girioi
spathaspora_hagerdaliae	Spathaspora_hagerdaliae	Spathaspora_hagerdaliae
spathaspora_gorwiae	Spathaspora_gorwiae	Spathaspora_gorwiae
metschnikowia_ipomoeae	Metschnikowia_ipomoeae	Metschnikowia_ipomoeae
metschnikowia_arizonensis	Metschnikowia_arizonensis	Metschnikowia_arizonensis
metschnikowia_matae	Metschnikowia_matae	Metschnikowia_matae_var._matae
metschnikowia_lockheadii	Metschnikowia_lockheadii	Metschnikowia_lochheadii
metschnikowia_santaceciliae	Metschnikowia_santaceciliae	Metschnikowia_santaceciliae
metschnikowia_hamakuensis	Metschnikowia_hamakuensis	Metschnikowia_hamakuensis
metschnikowia_continentalis	Metschnikowia_continentalis	Metschnikowia_continentalis
metschnikowia_cerradonensis	Metschnikowia_cerradonensis	Metschnikowia_cerradonensis
metschnikowia_borealis	Metschnikowia_borealis	Metschnikowia_borealis
yHMPu5000035662_meyerozyma_caribbica_160613	yHMPu5000035662_Meyerozyma_caribbica	Meyerozyma_caribbica
yHMPu5000035033_candida_cretensis_160519	yHMPu5000035033_Candida_cretensis	Teunomyces_cretensis
yHMPu5000041863_candida_gorgasii_160928	yHMPu5000041863_Candida_gorgasii	Candida_gorgasii
yHMPu5000035011_candida_pyralidae_160519	yHMPu5000035011_Candida_pyralidae	Suhomyces_pyralidae
yHMPu5000041833_candida_tammaniensis_160928	yHMPu5000041833_Candida_tammaniensis	Candida_tammaniensis
yHMPu5000035018_candida_canberraensis_160519	yHMPu5000035018_Candida_canberraensis	Suhomyces_canberraensis
yHMPu5000035022_candida_emberorum_160519	yHMPu5000035022_Candida_emberorum	Suhomyces_emberorum
yHMPu5000035032_candida_gatunensis_160519	yHMPu5000035032_Candida_gatunensis	Teunomyces_gatunensis
yHMPu5000034990_candida_corydali_160519	yHMPu5000034990_Candida_corydali	Candida_corydali
yHMPu5000041855_candida_ascalaphidarum_160928	yHMPu5000041855_Candida_ascalaphidarum	Candida_ascalaphidarum
yHMPu5000041840_candida_wancherniae_160928	yHMPu5000041840_Candida_wancherniae	Candida_wancherniae
yHMPu5000035707_candida_heveicola_160519	yHMPu5000035707_Candida_heveicola	Candida_heveicola
yHMPu5000035335_candida_blattae_160928	yHMPu5000035335_Candida_blattae	Candida_blattae
yHMPu5000041743_candida_hawaiiana_160928	yHMPu5000041743_Candida_hawaiiana	Candida_hawaiiana
yHMPu5000041862_candida_golubevii_160928	yHMPu5000041862_Candida_golubevii	Candida_golubevii
yHMPu5000041824_debaryomyces_subglobosus_160928	yHMPu5000041824_Debaryomyces_subglobosus	Debaryomyces_subglobosus
yHMPu5000041678_debaryomyces_prosopidis_160928	yHMPu5000041678_Debaryomyces_prosopidis	Debaryomyces_prosopidis
yHMPu5000035297_priceomyces_castillae_160928	yHMPu5000035297_Priceomyces_castillae	Priceomyces_castillae
ogataea_polymorpha	Ogataea_polymorpha	Ogataea_polymorpha
pichia_membranifaciens	Pichia_membranifaciens	Pichia_membranifaciens
brettanomyces_anomalus	Brettanomyces_anomalus	Brettanomyces_anomalus
yHMPu5000026197_brettanomyces_custersianus_160519	yHMPu5000026197_Brettanomyces_custersianus	Brettanomyces_custersianus
candida_boidinii_JCM9604	Candida_boidinii_JCM9604	Candida_boidinii
candida_succiphila	Candida_succiphila	Candida_succiphila
candida_arabinofermentans	Candida_arabinofermentans	Candida_arabinofermentans
dekkera_bruxellensis	Dekkera_bruxellensis	Brettanomyces_bruxellensis
yHMPu5000035674_kregervanrija_delftensis_160613	yHMPu5000035674_Kregervanrija_delftensis	Kregervanrija_delftensis
yHMPu5000035675_kregervanrija_fluxuum_160613	yHMPu5000035675_Kregervanrija_fluxuum	Kregervanrija_fluxuum
nakazawaea_peltata	Nakazawaea_peltata	Nakazawaea_peltata
yHMPu5000034918_nakazawaea_holstii_160519	yHMPu5000034918_Nakazawaea_holstii	Nakazawaea_holstii
ogataea_methanolica	Ogataea_methanolica	Ogataea_methanolica
yHMPu5000034904_ogataea_nonfermentans_160519	yHMPu5000034904_Ogataea_nonfermentans	Ogataea_nonfermentans
ogataea_parapolymorpha	Ogataea_parapolymorpha	Ogataea_parapolymorpha
yHMPu5000034902_ogataea_minuta_160519	yHMPu5000034902_Ogataea_minuta	Ogataea_minuta
yHMPu5000034624_pichia_nakasei_160519	yHMPu5000034624_Pichia_nakasei	Pichia_nakasei
yHMPu5000034615_saturnispora_zaruensis_160519	yHMPu5000034615_Saturnispora_zaruensis	Saturnispora_zaruensis
yHMPu5000034612_saturnispora_saitoi_160519	yHMPu5000034612_Saturnispora_saitoi	Saturnispora_saitoi
yHMPu5000035659_saturnispora_dispora_160519	yHMPu5000035659_Saturnispora_dispora	Saturnispora_dispora
ambrosiozyma_kashinagacola	Ambrosiozyma_kashinagacola	Ambrosiozyma_kashinagacola
ambrosiozyma_monospora	Ambrosiozyma_monospora	Ambrosiozyma_monospora
yHMPu5000035040_ambrosiozyma_maleeae_160519	yHMPu5000035040_Ambrosiozyma_maleeae	Ambrosiozyma_maleeae
yHMPu5000035691_candida_salmanticensis_160519	yHMPu5000035691_Candida_salmanticensis	Groenewaldozyma_salmanticensis
kuraishia_capsulata	Kuraishia_capsulata	Kuraishia_capsulata
yHMPu5000034932_kuraishia_ogatae_160519	yHMPu5000034932_Kuraishia_ogatae	Kuraishia_ogatae
yHMPu5000034933_kuraishia_molischiana_160519	yHMPu5000034933_Kuraishia_molischiana	Kuraishia_molischiana
pachysolen_tannophilus	Pachysolen_tannophilus	Pachysolen_tannophilus
yHMPu5000034631_martiniozyma_abiesophila_161215	yHMPu5000034631_Martiniozyma_abiesophila	Martiniozyma_abiesophila
yHMPu5000035037_candida_montana_160519	yHMPu5000035037_Candida_montana	Candida_montana
yHMPu5000034967_candida_freyschussii_160519	yHMPu5000034967_Candida_freyschussii	Candida_freyschussii
yHMPu5000035244_candida_incommunis_160928	yHMPu5000035244_Candida_incommunis	Candida_incommunis
yHMPu5000034887_ogataea_trehaloabstinens_160519	yHMPu5000034887_Ogataea_trehaloabstinens	Ogataea_trehaloabstinens
yHMPu5000034637_ogataea_populiabae_160519	yHMPu5000034637_Ogataea_populiabae	Ogataea_populialbae
yHMPu5000034903_ogataea_naganishii_160519	yHMPu5000034903_Ogataea_naganishii	Ogataea_naganishii
yHMPu5000034891_ogataea_pini_160519	yHMPu5000034891_Ogataea_pini	Ogataea_pini
yHMPu5000034899_ogataea_kodamae_160519	yHMPu5000034899_Ogataea_kodamae	Ogataea_kodamae
yHMPu5000034890_ogataea_ramenticola_160519	yHMPu5000034890_Ogataea_ramenticola	Ogataea_ramenticola
yHMPu5000034893_ogataea_philodendra_160519	yHMPu5000034893_Ogataea_philodendra	Ogataea_philodendri
yHMPu5000034897_ogataea_glucozyma_160519	yHMPu5000034897_Ogataea_glucozyma	Ogataea_glucozyma
yHMPu5000026124_ogataea_henricii_160519	yHMPu5000026124_Ogataea_henricii	Ogataea_henricii
yHMPu5000034885_ogataea_zsoltii_160519	yHMPu5000034885_Ogataea_zsoltii	Ogataea_zsoltii
yHMPu5000034901_ogataea_methylivora_160519	yHMPu5000034901_Ogataea_methylivora	Ogataea_methylivora
yHMPu5000034886_ogataea_trehalophila_160519	yHMPu5000034886_Ogataea_trehalophila	Ogataea_trehalophila
yHMPu5000034636_ogataea_nitratoaversa_160519	yHMPu5000034636_Ogataea_nitratoaversa	Ogataea_nitratoaversa
yHMPu5000034892_ogataea_pilisensis_160519	yHMPu5000034892_Ogataea_pilisensis	Ogataea_pilisensis
yHMPu5000034629_pichia_exigua_160519	yHMPu5000034629_Pichia_exigua	Pichia_exigua
yHMPu5000035301_pichia_terricola_160928	yHMPu5000035301_Pichia_terricola	Pichia_terricola
yHMPu5000034622_pichia_occidentalis_160519	yHMPu5000034622_Pichia_occidentalis	Pichia_occidentalis
yHMPu5000034625_pichia_kudriavzevii_160519	yHMPu5000034625_Pichia_kudriavzevii	Pichia_kudriavzevii
yHMPu5000034623_pichia_norvegensis_160519	yHMPu5000034623_Pichia_norvegensis	Pichia_norvegensis
yHMPu5000034627_pichia_heedii_160519	yHMPu5000034627_Pichia_heedii	Pichia_heedii
yHMPu5000034614_saturnispora_silvae_160519	yHMPu5000034614_Saturnispora_silvae	Saturnispora_silvae
yHMPu5000034610_saturnispora_hagleri_160519	yHMPu5000034610_Saturnispora_hagleri	Saturnispora_hagleri
yHMPu5000034611_saturnispora_mendoncae_160519	yHMPu5000034611_Saturnispora_mendoncae	Saturnispora_mendoncae
yHMPu5000034613_saturnispora_serradocipensis_160519	yHMPu5000034613_Saturnispora_serradocipensis	Saturnispora_serradocipensis
yHMPu5000034947_ambrosiozyma_philentoma_160519	yHMPu5000034947_Ambrosiozyma_philentoma	Ambrosiozyma_philentoma
yHMPu5000026137_ambrosiozyma_ambrosiae_160519	yHMPu5000026137_Ambrosiozyma_ambrosiae	Ambrosiozyma_ambrosiae
yHMPu5000034946_ambrosiozyma_oregonensis_160519	yHMPu5000034946_Ambrosiozyma_oregonensis	Ambrosiozyma_oregonensis
yHMPu5000035041_ambrosiozyma_pseudovanderkliftii_160519	yHMPu5000035041_Ambrosiozyma_pseudovanderkliftii	Ambrosiozyma_pseudovanderkliftii
yHMPu5000026145_ambrosiozyma_vanderkliftii_160519	yHMPu5000026145_Ambrosiozyma_vanderkliftii	Ambrosiozyma_vanderkliftii
yHMPu5000034673_blastobotrys_nivea_160519	yHMPu5000034673_Blastobotrys_nivea	Blastobotrys_nivea
nadsonia_fulvescens_var_elongata	Nadsonia_fulvescens_var_elongata	Nadsonia_fulvescens_var._elongata
yHMPu5000034635_nadsonia_fulvescens_160519	yHMPu5000034635_Nadsonia_fulvescens	Nadsonia_fulvescens_var._fulvescens
candida_infanticola	Candida_infanticola	Wickerhamiella_infanticola
candida_versatilis	Candida_versatilis	Wickerhamiella_versatilis
yHMPu5000035633_candida_hispaniensis_160519	yHMPu5000035633_Candida_hispaniensis	Candida_hispaniensis
candida_apicola	Candida_apicola	Starmerella_apicola
yHMPu5000041822_dipodascus_geniculatus_160928	yHMPu5000041822_Dipodascus_geniculatus	Dipodascus_geniculatus
yHMPu5000034661_dipodascus_albidus_160519	yHMPu5000034661_Dipodascus_albidus	Dipodascus_albidus
geotrichum_candidum	Geotrichum_candidum	Geotrichum_candidum
yHMPu5000041818_magnusiomyces_tetrasperma_160928	yHMPu5000041818_Magnusiomyces_tetrasperma	Magnusiomyces_tetraspermus
sporopachydermia_quercuum	Sporopachydermia_quercuum	Sporopachydermia_quercuum
starmerella_bombicola_JCM9596	Starmerella_bombicola_JCM9596	Starmerella_bombicola
yarrowia_lipolytica	Yarrowia_lipolytica	Yarrowia_lipolytica
yarrowia_keelungensis	Yarrowia_keelungensis	Yarrowia_keelungensis
yarrowia_deformans	Yarrowia_deformans	Yarrowia_deformans
arxula_adeninivorans	Arxula_adeninivorans	Blastobotrys_adeninivorans
yHMPu5000034669_blastobotrys_raffinofermentans_160519	yHMPu5000034669_Blastobotrys_raffinofermentans	Blastobotrys_raffinosifermentans
yHMPu5000034681_blastobotrys_americana_160519	yHMPu5000034681_Blastobotrys_americana	Blastobotrys_americana
yHMPu5000034660_diddensiella_caesifluorescens_160519	yHMPu5000034660_Diddensiella_caesifluorescens	Diddensiella_caesifluorescens
yHMPu5000034605_spencermartinsiella_europaea_160519	yHMPu5000034605_Spencermartinsiella_europaea	Spencermartinsiella_europaea
sugiyamaella_lignohabitans	Sugiyamaella_lignohabitans	Sugiyamaella_lignohabitans
wickerhamiella_domercqiae	Wickerhamiella_domercqiae	Wickerhamiella_domercqiae
yHMPu5000034646_wickerhamiella_cacticola_160519	yHMPu5000034646_Wickerhamiella_cacticola	Wickerhamiella_cacticola
yHMPu5000035242_zygoascus_ofunaensis_160928	yHMPu5000035242_Zygoascus_ofunaensis	Zygoascus_ofunaensis
yHMPu5000035243_zygoascus_meyerae_160928	yHMPu5000035243_Zygoascus_meyerae	Zygoascus_meyerae
yHMPu5000034604_sporopachydermia_lactativora_160519	yHMPu5000034604_Sporopachydermia_lactativora	Sporopachydermia_lactativora
yHMPu5000035286_candida_azyma_160928	yHMPu5000035286_Candida_azyma	Wickerhamomyces_sp._YB_2243
yHMPu5000035643_yarrowia_bubula_160519	yHMPu5000035643_Yarrowia_bubula	Yarrowia_bubula
yHMPu5000035645_yarrowia_divulgata_160519	yHMPu5000035645_Yarrowia_divulgata	Yarrowia_divulgata
yHMPu5000034675_blastobotrys_mokoenaii_160519	yHMPu5000034675_Blastobotrys_mokoenaii	Blastobotrys_mokoenaii
yHMPu5000034674_blastobotrys_muscicola_160519	yHMPu5000034674_Blastobotrys_muscicola	Blastobotrys_muscicola
yHMPu5000034667_blastobotrys_serpentis_160519	yHMPu5000034667_Blastobotrys_serpentis	Blastobotrys_serpentis
yHMPu5000034670_blastobotrys_proliferans_160519	yHMPu5000034670_Blastobotrys_proliferans	Blastobotrys_proliferans
yHMPu5000034671_blastobotrys_peoriensis_160519	yHMPu5000034671_Blastobotrys_peoriensis	Blastobotrys_peoriensis
yHMPu5000034748_lipomyces_oligophaga_160519	yHMPu5000034748_Lipomyces_oligophaga	Lipomyces_oligophaga
lipomyces_starkeyi	Lipomyces_starkeyi	Lipomyces_starkeyi
yHMPu5000034742_lipomyces_suomiensis_160519	yHMPu5000034742_Lipomyces_suomiensis	Lipomyces_suomiensis
yHMPu5000034757_lipomyces_doorenjongii_160519	yHMPu5000034757_Lipomyces_doorenjongii	Lipomyces_doorenjongii
yHMPu5000034749_lipomyces_mesembrius_160519	yHMPu5000034749_Lipomyces_mesembrius	Lipomyces_mesembrius
yHMPu5000034760_lipomyces_kononenkoae_160519	yHMPu5000034760_Lipomyces_kononenkoae	Lipomyces_kononenkoae
yHMPu5000034758_lipomyces_japonicus_160519	yHMPu5000034758_Lipomyces_japonicus	Lipomyces_japonicus
yHMPu5000034761_lipomyces_lipofer_160519	yHMPu5000034761_Lipomyces_lipofer	Lipomyces_lipofer
yHMPu5000034754_lipomyces_arxii_160519	yHMPu5000034754_Lipomyces_arxii	Lipomyces_arxii
yHMPu5000034655_botryozyma_nematodophila_160519	yHMPu5000034655_Botryozyma_nematodophila	Botryozyma_nematodophila
tortispora_caseinolytica	Tortispora_caseinolytica	Tortispora_caseinolytica
yHMPu5000035654_tortispora_ganteri_160519	yHMPu5000035654_Tortispora_ganteri	Tortispora_ganteri
yHMPu5000035279_tortispora_starmeri_160928	yHMPu5000035279_Tortispora_starmeri	Tortispora_starmeri
yHMPu5000035650_trigonopsis_variabilis_160613	yHMPu5000035650_Trigonopsis_variabilis	Trigonopsis_variabilis
yHMPu5000035282_trigonopsis_vinaria_160928	yHMPu5000035282_Trigonopsis_vinaria	Trigonopsis_vinaria
ascoidea_asiatica	Ascoidea_asiatica	Ascoidea_asiatica
ascoidea_rubescens	Ascoidea_rubescens	Ascoidea_rubescens
saccharomycopsis_malanga	Saccharomycopsis_malanga	Saccharomycopsis_malanga
yHMPu5000034607_saccharomycopsis_capsularis_160519	yHMPu5000034607_Saccharomycopsis_capsularis	Saccharomycopsis_capsularis
candida_sorboxylosa	Candida_sorboxylosa	Candida_sorboxylosa
komagataella_pastoris	Komagataella_pastoris	Komagataella_pastoris
yHMPu5000035048_barnettozyma_salicaria_160519	yHMPu5000035048_Barnettozyma_salicaria	Barnettozyma_salicaria
yHMPu5000035044_barnettozyma_californica_160519	yHMPu5000035044_Barnettozyma_californica	Barnettozyma_californica
yHMPu5000035046_barnettozyma_populi_160613	yHMPu5000035046_Barnettozyma_populi	Barnettozyma_populi
yHMPu5000035689_candida_mycetangii_160613	yHMPu5000035689_Candida_mycetangii	Candida_mycetangii
yHMPu5000035690_candida_vartiovaarae_160613	yHMPu5000035690_Candida_vartiovaarae	Candida_vartiovaarae
yHMPu5000035673_candida_orba_160613	yHMPu5000035673_Candida_orba	Candida_orba
yHMPu5000034597_candida_stellimalicola_160519	yHMPu5000034597_Candida_stellimalicola	Candida_stellimalicola
cyberlindnera_fabianii_JCM3601	Cyberlindnera_fabianii_JCM3601	Cyberlindnera_fabianii
cyberlindnera_jadinii	Cyberlindnera_jadinii	Cyberlindnera_jadinii
yHMPu5000035703_cyberlindnera_americana_160613	yHMPu5000035703_Cyberlindnera_americana	Cyberlindnera_americana
yHMPu5000026274_komagataella_populi_160519	yHMPu5000026274_Komagataella_populi	Komagataella_populi
yHMPu5000034939_komagataella_pseudopastoris_160519	yHMPu5000034939_Komagataella_pseudopastoris	Komagataella_pseudopastoris
yHMPu5000035672_phaffomyces_thermotolerans_160613	yHMPu5000035672_Phaffomyces_thermotolerans	Phaffomyces_thermotolerans
yHMPu5000035671_phaffomyces_antillensis_160613	yHMPu5000035671_Phaffomyces_antillensis	Phaffomyces_antillensis
yHMPu5000035670_phaffomyces_opuntiae_160613	yHMPu5000035670_Phaffomyces_opuntiae	Phaffomyces_opuntiae
yHMPu5000034594_starmera_quercuum_160519	yHMPu5000034594_Starmera_quercuum	Starmera_quercuum
yHMPu5000035658_starmera_amethionina_160613	yHMPu5000035658_Starmera_amethionina	Starmera_amethionina
wickerhamomyces_anomalus	Wickerhamomyces_anomalus	Wickerhamomyces_anomalus
yHMPu5000035268_wickerhamomyces_hampshirensis_160928	yHMPu5000035268_Wickerhamomyces_hampshirensis	Wickerhamomyces_hampshirensis
yHMPu5000035639_wickerhamomyces_canadensis_160613	yHMPu5000035639_Wickerhamomyces_canadensis	Wickerhamomyces_canadensis
wickerhamomyces_ciferrii	Wickerhamomyces_ciferrii	Wickerhamomyces_ciferrii
yHMPu5000035261_candida_ponderosae_160928	yHMPu5000035261_Candida_ponderosae	Candida_ponderosae
yHMPu5000035047_barnettozyma_pratensis_160519	yHMPu5000035047_Barnettozyma_pratensis	Barnettozyma_pratensis
yHMPu5000035045_barnettozyma_hawaiiensis_160613	yHMPu5000035045_Barnettozyma_hawaiiensis	Barnettozyma_hawaiiensis
yHMPu5000035686_cyberlindnera_saturnus_160519	yHMPu5000035686_Cyberlindnera_saturnus	Cyberlindnera_saturnus
yHMPu5000034978_cyberlindnera_mrakii_160519	yHMPu5000034978_Cyberlindnera_mrakii	Cyberlindnera_mrakii
yHMPu5000035688_cyberlindnera_xylosilytica_160519	yHMPu5000035688_Cyberlindnera_xylosilytica	Cyberlindnera_xylosilytica
yHMPu5000035325_cyberlindnera_petersonii_160928	yHMPu5000035325_Cyberlindnera_petersonii	Cyberlindnera_petersonii
yHMPu5000035687_cyberlindnera_suaveolens_160613	yHMPu5000035687_Cyberlindnera_suaveolens	Cyberlindnera_suaveolens
yHMPu5000034979_cyberlindnera_misumaiensis_160519	yHMPu5000034979_Cyberlindnera_misumaiensis	Cyberlindnera_misumaiensis
yHMPu5000035699_cyberlindnera_maclurae_160613	yHMPu5000035699_Cyberlindnera_maclurae	Cyberlindnera_maclurae
yHMPu5000035271_wickerhamomyces_bovis_160928	yHMPu5000035271_Wickerhamomyces_bovis	Wickerhamomyces_bovis
yHMPu5000035274_wickerhamomyces_alni_160928	yHMPu5000035274_Wickerhamomyces_alni	Wickerhamomyces_alni
alloascoidea_hylecoeti	Alloascoidea_hylecoeti	Alloascoidea_hylecoeti
yHMPu5000034950_citeromyces_hawaiiensis_160519	yHMPu5000034950_Citeromyces_hawaiiensis	Citeromyces_hawaiiensis
yHMPu5000034952_citeromyces_siamensis_160519	yHMPu5000034952_Citeromyces_siamensis	Citeromyces_siamensis
yHAB158_kazachstania_viticola_160519	yHAB158_Kazachstania_viticola	Kazachstania_viticola
yHMPu5000026142_citeromyces_matritensis_160519	yHMPu5000026142_Citeromyces_matritensis	Citeromyces_matritensis
yHMPu5000034710_kluyveromyces_dobzhanskii_160519	yHMPu5000034710_Kluyveromyces_dobzhanskii	Kluyveromyces_dobzhanskii
yHMPu5000034709_kluyveromyces_aestuarii_160519	yHMPu5000034709_Kluyveromyces_aestuarii	Kluyveromyces_aestuarii
nakaseomyces_bracarensis	Nakaseomyces_bracarensis	Candida_bracarensis
candida_glabrata	Candida_glabrata	Candida_glabrata
eremothecium_gossypii	Eremothecium_gossypii	Eremothecium_gossypii
ashbya_aceri	Ashbya_aceri	Ashbya_aceri
eremothecium_sinecaudum	Eremothecium_sinecaudum	Eremothecium_sinecaudum
eremothecium_cymbalariae	Eremothecium_cymbalariae	Eremothecium_cymbalariae
eremothecium_coryli	Eremothecium_coryli	Eremothecium_coryli
kazachstania_africana	Kazachstania_africana	Kazachstania_africana
kazachstania_naganishii	Kazachstania_naganishii	Kazachstania_naganishii
yHAB166_kazachstania_yakushimaensis_160519	yHAB166_Kazachstania_yakushimaensis	Kazachstania_yakushimaensis
kluyveromyces_lactis	Kluyveromyces_lactis	Kluyveromyces_lactis
kluyveromyces_marxianus	Kluyveromyces_marxianus	Kluyveromyces_marxianus
lachancea_fantastica	Lachancea_fantastica	Lachancea_fantastica_nom_nud
lachancea_meyersii	Lachancea_meyersii	Lachancea_meyersii
lachancea_nothofagi	Lachancea_nothofagi	Lachancea_nothofagi
lachancea_cidri	Lachancea_cidri	Lachancea_cidri
lachancea_thermotolerans	Lachancea_thermotolerans	Lachancea_thermotolerans
lachancea_mirantina	Lachancea_mirantina	Lachancea_mirantina
lachancea_dasiensis	Lachancea_dasiensis	Lachancea_dasiensis
lachancea_fermentati	Lachancea_fermentati	Lachancea_fermentati
lachancea_kluyveri	Lachancea_kluyveri	Lachancea_kluyveri
lachancea_lanzarotensis	Lachancea_lanzarotensis	Lachancea_lanzarotensis
lachancea_quebecensis	Lachancea_quebecensis	Lachancea_quebecensis
nakaseomyces_castellii	Nakaseomyces_castellii	Candida_castellii
nakaseomyces_delphensis	Nakaseomyces_delphensis	Nakaseomyces_delphensis
nakaseomyces_nivariensis	Nakaseomyces_nivariensis	Candida_nivariensis
nakaseomyces_bacillisporus	Nakaseomyces_bacillisporus	Nakaseomyces_bacillisporus
naumovozyma_castellii	Naumovozyma_castellii	Naumovozyma_castellii
naumovozyma_dairenensis	Naumovozyma_dairenensis	Naumovozyma_dairenensis
saccharomyces_cerevisiae	Saccharomyces_cerevisiae	Saccharomyces_cerevisiae
saccharomyces_uvarum	Saccharomyces_uvarum	Saccharomyces_uvarum
saccharomyces_eubayanus	Saccharomyces_eubayanus	Saccharomyces_eubayanus
saccharomyces_kudriavzevii	Saccharomyces_kudriavzevii	Saccharomyces_kudriavzevii
saccharomyces_arboricola	Saccharomyces_arboricola	Saccharomyces_arboricola
saccharomyces_paradoxus	Saccharomyces_paradoxus	Saccharomyces_paradoxus
saccharomyces_mikatae	Saccharomyces_mikatae	Saccharomyces_mikatae
tetrapisispora_blattae	Tetrapisispora_blattae	Tetrapisispora_blattae
tetrapisispora_phaffii	Tetrapisispora_phaffii	Tetrapisispora_phaffii
yHMPu5000034875_tetrapisispora_fleetii_160519	yHMPu5000034875_Tetrapisispora_fleetii	Tetrapisispora_fleetii
torulaspora_delbrueckii	Torulaspora_delbrueckii	Torulaspora_delbrueckii
yHMPu5000035652_torulaspora_maleeae_160613	yHMPu5000035652_Torulaspora_maleeae	Torulaspora_maleeae
yHMPu5000034881_torulaspora_pretoriensis_160519	yHMPu5000034881_Torulaspora_pretoriensis	Torulaspora_pretoriensis
yHMPu5000035651_torulaspora_microellipsoides_160519	yHMPu5000035651_Torulaspora_microellipsoides	Torulaspora_microellipsoides
vanderwaltozyma_polyspora	Vanderwaltozyma_polyspora	Vanderwaltozyma_polyspora
yHMPu5000035629_yueomyces_sinensis_160519	yHMPu5000035629_Yueomyces_sinensis	Yueomyces_sinensis
zygosaccharomyces_rouxii	Zygosaccharomyces_rouxii	Zygosaccharomyces_rouxii
zygosaccharomyces_bailii	Zygosaccharomyces_bailii	Zygosaccharomyces_bailii
yHMPu5000034866_zygosaccharomyces_bisporus_160519	yHMPu5000034866_Zygosaccharomyces_bisporus	Zygosaccharomyces_bisporus
yHMPu5000034862_zygotorulaspora_florentina_160519	yHMPu5000034862_Zygotorulaspora_florentina	Zygotorulaspora_florentina
hanseniaspora_valbyensis	Hanseniaspora_valbyensis	Hanseniaspora_valbyensis
hanseniaspora_uvarum	Hanseniaspora_uvarum	Hanseniaspora_uvarum
yHMPu5000035695_hanseniaspora_pseudoguilliermondii_160519	yHMPu5000035695_Hanseniaspora_pseudoguilliermondii	Hanseniaspora_pseudoguilliermondii
yHMPu5000035684_kloeckera_hatyaiensis_160519	yHMPu5000035684_Kloeckera_hatyaiensis	Kloeckera_hatyaiensis
yHMPu5000026256_zygotorulaspora_mrakii_161215	yHMPu5000026256_Zygotorulaspora_mrakii	Zygotorulaspora_mrakii
hanseniaspora_vinae	Hanseniaspora_vinae	Hanseniaspora_vineae
lachancea_waltii	Lachancea_waltii	Lachancea_waltii
yHAB160_kazachstania_kunashirensis_160519	yHAB160_Kazachstania_kunashirensis	Kazachstania_kunashirensis
yHAB132_kazachstania_martiniae_160519	yHAB132_Kazachstania_martiniae	Kazachstania_martiniae
yHAB153_kazachstania_rosinii_160519	yHAB153_Kazachstania_rosinii	Kazachstania_rosinii
yHAB147_kazachstania_taianensis_160519	yHAB147_Kazachstania_taianensis	Kazachstania_taianensis
yHAB136_kazachstania_bromeliacearum_160519	yHAB136_Kazachstania_bromeliacearum	Kazachstania_bromeliacearum
yHAB133_kazachstania_unispora_160519	yHAB133_Kazachstania_unispora	Kazachstania_unispora
yHAB134_kazachstania_turicensis_160519	yHAB134_Kazachstania_turicensis	Kazachstania_turicensis
yHAB148_kazachstania_intestinalis_160519	yHAB148_Kazachstania_intestinalis	Kazachstania_intestinalis
yHAB154_kazachstania_transvaalensis_160519	yHAB154_Kazachstania_transvaalensis	Kazachstania_transvaalensis
yHAB159_kazachstania_solicola_160519	yHAB159_Kazachstania_solicola	Kazachstania_solicola
yHAB164_kazachstania_aerobia_160519	yHAB164_Kazachstania_aerobia	Kazachstania_aerobia
yHAB155_kazachstania_spencerorum_160519	yHAB155_Kazachstania_spencerorum	Kazachstania_spencerorum
yHAB143_kazachstania_siamensis_160519	yHAB143_Kazachstania_siamensis	Kazachstania_siamensis
yHMPu5000034877_tetrapisispora_namnaonensis_160519	yHMPu5000034877_Tetrapisispora_namnaonensis	Tetrapisispora_namnaonensis
yHMPu5000034876_tetrapisispora_iriomotensis_160519	yHMPu5000034876_Tetrapisispora_iriomotensis	Tetrapisispora_iriomotensis
yHMPu5000026152_torulaspora_franciscae_160519	yHMPu5000026152_Torulaspora_franciscae	Torulaspora_franciscae
yHMPu5000034865_zygosaccharomyces_kombuchaensis_160519	yHMPu5000034865_Zygosaccharomyces_kombuchaensis	Zygosaccharomyces_kombuchaensis
yHMPu5000034957_hanseniaspora_osmophila_160519	yHMPu5000034957_Hanseniaspora_osmophila	Hanseniaspora_osmophila
yHMPu5000035696_hanseniaspora_singularis_160519	yHMPu5000035696_Hanseniaspora_singularis	Hanseniaspora_singularis
yHMPu5000034963_hanseniaspora_clermontiae_160519	yHMPu5000034963_Hanseniaspora_clermontiae	Hanseniaspora_clermontiae
